ID,RMSE
1,5601.880886
2,2758.493307
3,66542.34439
4,23672.07829
